ogc_fid,lsoa11cd,lsoa11nm,lsoa11nmw,AllSmoking,MaleSmok,FemSmok,AllSignifS,MaleSigniS,FemSigniS,AllAsthma,MalAsthma,FemAsthma,AllAsSigni,MaAsSigni,FeAsSigni
5601,E01005761,Stockport 026A,Stockport 026A,27333.921340000001000,25875.494569999999000,28640.664890000000000,Higher,Higher,Higher,"27,333.90","25,875.50","28,640.70",Higher,Higher,Higher
5710,E01005870,Stockport 015A,Stockport 015A,20366.831090000000000,20724.953050000000000,20496.833719999999000,Higher,Higher but not significantly so,Higher,"20,366.80","20,725.00","20,496.80",Higher,Higher but not significantly so,Higher
5711,E01005871,Stockport 015B,Stockport 015B,20898.531650000001000,22404.741600000001000,19472.911779999999000,Higher,Higher but not significantly so,Higher,"20,898.50","22,404.70","19,472.90",Higher,Higher but not significantly so,Higher
5583,E01005743,Stockport 009A,Stockport 009A,17961.285840000000000,18691.009549999999000,17323.007060000000000,Higher but not significantly so,Lower but not significantly so,Higher but not significantly so,"17,961.30","18,691.00","17,323.00",Higher but not significantly so,Lower but not significantly so,Higher but not significantly so
5584,E01005744,Stockport 009B,Stockport 009B,20657.890390000000000,22127.652520000000000,19648.069860000000000,Higher,Higher but not significantly so,Higher,"20,657.90","22,127.70","19,648.10",Higher,Higher but not significantly so,Higher
5585,E01005745,Stockport 005A,Stockport 005A,17855.076730000001000,19645.704330000000000,16376.298090000000000,Lower but not significantly so,Lower but not significantly so,Higher but not significantly so,"17,855.10","19,645.70","16,376.30",Lower but not significantly so,Lower but not significantly so,Higher but not significantly so
5586,E01005746,Stockport 005B,Stockport 005B,28737.846130000002000,29280.526590000001000,28212.842180000000000,Higher,Higher,Higher,"28,737.80","29,280.50","28,212.80",Higher,Higher,Higher
5587,E01005747,Stockport 005C,Stockport 005C,12884.190110000000000,14089.481470000001000,11719.033520000001000,Lower,Lower,Lower,"12,884.20","14,089.50","11,719.00",Lower,Lower,Lower
5588,E01005748,Stockport 005D,Stockport 005D,10553.265490000000000,12673.591899999999000,8525.299816999999200,Lower,Lower,Lower,"10,553.30","12,673.60","8,525.30",Lower,Lower,Lower
5589,E01005749,Stockport 009C,Stockport 009C,15579.408299999999000,16847.179570000000000,14493.445940000000000,Lower,Lower,Lower but not significantly so,"15,579.40","16,847.20","14,493.40",Lower,Lower,Lower but not significantly so
5590,E01005750,Stockport 009D,Stockport 009D,17202.620169999998000,18908.719499999999000,16125.426620000000000,Lower but not significantly so,Lower but not significantly so,Lower but not significantly so,"17,202.60","18,908.70","16,125.40",Lower but not significantly so,Lower but not significantly so,Lower but not significantly so
5591,E01005751,Stockport 009E,Stockport 009E,21336.322820000001000,22594.646980000001000,20795.438520000000000,Higher,Higher,Higher,"21,336.30","22,594.60","20,795.40",Higher,Higher,Higher
5592,E01005752,Stockport 012A,Stockport 012A,22671.509770000001000,24653.725559999999000,21093.416170000000000,Higher,Higher,Higher,"22,671.50","24,653.70","21,093.40",Higher,Higher,Higher
5593,E01005753,Stockport 004A,Stockport 004A,37138.333449999998000,36524.622770000002000,38032.927309999999000,Higher,Higher,Higher,"37,138.30","36,524.60","38,032.90",Higher,Higher,Higher
5594,E01005754,Stockport 004B,Stockport 004B,43743.064209999997000,46353.080620000001000,41507.504110000002000,Higher,Higher,Higher,"43,743.10","46,353.10","41,507.50",Higher,Higher,Higher
5595,E01005755,Stockport 004C,Stockport 004C,36380.279199999997000,35801.766589999999000,36705.633060000000000,Higher,Higher,Higher,"36,380.30","35,801.80","36,705.60",Higher,Higher,Higher
5596,E01005756,Stockport 004D,Stockport 004D,41215.917260000002000,42570.036310000003000,39312.533850000000000,Higher,Higher,Higher,"41,215.90","42,570.00","39,312.50",Higher,Higher,Higher
5597,E01005757,Stockport 014A,Stockport 014A,24038.762729999999000,27077.609870000000000,21452.791949999999000,Higher,Higher,Higher,"24,038.80","27,077.60","21,452.80",Higher,Higher,Higher
5598,E01005758,Stockport 014B,Stockport 014B,36352.118369999997000,37228.526740000001000,35138.261440000002000,Higher,Higher,Higher,"36,352.10","37,228.50","35,138.30",Higher,Higher,Higher
5599,E01005759,Stockport 023A,Stockport 023A,21062.440190000001000,21090.049129999999000,20947.871060000001000,Higher,Higher but not significantly so,Higher,"21,062.40","21,090.00","20,947.90",Higher,Higher but not significantly so,Higher
5600,E01005760,Stockport 023B,Stockport 023B,29437.495320000002000,31104.854670000001000,28380.093690000002000,Higher,Higher,Higher,"29,437.50","31,104.90","28,380.10",Higher,Higher,Higher
5602,E01005762,Stockport 026B,Stockport 026B,36962.202740000001000,38264.898280000001000,35868.693780000001000,Higher,Higher,Higher,"36,962.20","38,264.90","35,868.70",Higher,Higher,Higher
5603,E01005763,Stockport 026C,Stockport 026C,30359.002670000002000,28507.541150000001000,32018.993100000000000,Higher,Higher,Higher,"30,359.00","28,507.50","32,019.00",Higher,Higher,Higher
5604,E01005764,Stockport 016A,Stockport 016A,27503.030820000000000,30014.054940000002000,25990.370930000001000,Higher,Higher,Higher,"27,503.00","30,014.10","25,990.40",Higher,Higher,Higher
5605,E01005765,Stockport 018A,Stockport 018A,17274.141650000001000,16919.458320000002000,17161.900790000000000,Lower but not significantly so,Lower,Higher but not significantly so,"17,274.10","16,919.50","17,161.90",Lower but not significantly so,Lower,Higher but not significantly so
5606,E01005766,Stockport 014C,Stockport 014C,32119.204880000001000,34364.016850000000000,30027.002649999999000,Higher,Higher,Higher,"32,119.20","34,364.00","30,027.00",Higher,Higher,Higher
5607,E01005767,Stockport 028A,Stockport 028A,9089.499610999999300,13109.713330000000000,5570.187246999999800,Lower,Lower,Lower,"9,089.50","13,109.70","5,570.20",Lower,Lower,Lower
5608,E01005768,Stockport 025A,Stockport 025A,9424.418014000000800,12354.839819999999000,6951.265034000000000,Lower,Lower,Lower,"9,424.40","12,354.80","6,951.30",Lower,Lower,Lower
5609,E01005769,Stockport 022A,Stockport 022A,13649.718269999999000,13595.460700000000000,13747.450330000000000,Lower,Lower,Lower,"13,649.70","13,595.50","13,747.50",Lower,Lower,Lower
5610,E01005770,Stockport 025B,Stockport 025B,12449.194120000000000,15128.402309999999000,10193.263590000000000,Lower,Lower,Lower,"12,449.20","15,128.40","10,193.30",Lower,Lower,Lower
5611,E01005771,Stockport 025C,Stockport 025C,14241.457750000000000,15077.308220000001000,13274.587340000000000,Lower,Lower,Lower,"14,241.50","15,077.30","13,274.60",Lower,Lower,Lower
5612,E01005772,Stockport 028B,Stockport 028B,10738.672610000000000,15164.742920000001000,6475.214675999999600,Lower,Lower,Lower,"10,738.70","15,164.70","6,475.20",Lower,Lower,Lower
5613,E01005773,Stockport 028C,Stockport 028C,13054.511920000001000,15973.818859999999000,10344.005400000000000,Lower,Lower,Lower,"13,054.50","15,973.80","10,344.00",Lower,Lower,Lower
5614,E01005774,Stockport 028D,Stockport 028D,27042.825140000001000,30386.214430000000000,24045.462790000001000,Higher,Higher,Higher,"27,042.80","30,386.20","24,045.50",Higher,Higher,Higher
5615,E01005775,Stockport 025D,Stockport 025D,11694.347370000000000,15621.704580000000000,8929.793772000000900,Lower,Lower,Lower,"11,694.30","15,621.70","8,929.80",Lower,Lower,Lower
5616,E01005776,Stockport 028E,Stockport 028E,8003.141163999999700,9614.887418000000300,6384.630624999999800,Lower,Lower,Lower,"8,003.10","9,614.90","6,384.60",Lower,Lower,Lower
5617,E01005777,Stockport 034A,Stockport 034A,18610.967390000002000,21571.655620000001000,16534.639670000000000,Higher but not significantly so,Higher but not significantly so,Higher but not significantly so,"18,611.00","21,571.70","16,534.60",Higher but not significantly so,Higher but not significantly so,Higher but not significantly so
5618,E01005778,Stockport 022B,Stockport 022B,16454.713769999998000,20671.609390000001000,12791.830140000000000,Lower but not significantly so,Higher but not significantly so,Lower,"16,454.70","20,671.60","12,791.80",Lower but not significantly so,Higher but not significantly so,Lower
5619,E01005779,Stockport 022C,Stockport 022C,15615.067010000001000,16140.401949999999000,15438.982029999999000,Lower,Lower,Lower but not significantly so,"15,615.10","16,140.40","15,439.00",Lower,Lower,Lower but not significantly so
5620,E01005780,Stockport 022D,Stockport 022D,15890.133200000000000,16499.769420000001000,15455.818270000000000,Lower,Lower,Lower but not significantly so,"15,890.10","16,499.80","15,455.80",Lower,Lower,Lower but not significantly so
5621,E01005781,Stockport 022E,Stockport 022E,31521.440540000000000,35229.683030000000000,28830.116640000000000,Higher,Higher,Higher,"31,521.40","35,229.70","28,830.10",Higher,Higher,Higher
5622,E01005782,Stockport 030A,Stockport 030A,13532.370230000000000,16312.808970000000000,11487.575820000000000,Lower,Lower,Lower,"13,532.40","16,312.80","11,487.60",Lower,Lower,Lower
5623,E01005783,Stockport 030B,Stockport 030B,12071.553650000000000,13297.951030000000000,11013.660430000000000,Lower,Lower,Lower,"12,071.60","13,298.00","11,013.70",Lower,Lower,Lower
5624,E01005784,Stockport 030C,Stockport 030C,7947.548058999999700,10299.578170000001000,5912.660133000000300,Lower,Lower,Lower,"7,947.50","10,299.60","5,912.70",Lower,Lower,Lower
5625,E01005785,Stockport 030D,Stockport 030D,11921.410239999999000,13662.272790000001000,10828.564170000000000,Lower,Lower,Lower,"11,921.40","13,662.30","10,828.60",Lower,Lower,Lower
5626,E01005786,Stockport 030E,Stockport 030E,11060.002150000000000,12628.017350000000000,9490.946288999999500,Lower,Lower,Lower,"11,060.00","12,628.00","9,490.90",Lower,Lower,Lower
5627,E01005787,Stockport 034B,Stockport 034B,7932.569937000000200,9753.602811999999200,6341.110334000000000,Lower,Lower,Lower,"7,932.60","9,753.60","6,341.10",Lower,Lower,Lower
5628,E01005788,Stockport 034C,Stockport 034C,10498.881250000000000,11531.347500000000000,9729.358227999999100,Lower,Lower,Lower,"10,498.90","11,531.30","9,729.40",Lower,Lower,Lower
5629,E01005789,Stockport 039A,Stockport 039A,10013.451630000000000,12887.049360000001000,7846.382783000000000,Lower,Lower,Lower,"10,013.50","12,887.00","7,846.40",Lower,Lower,Lower
5630,E01005790,Stockport 034D,Stockport 034D,15655.248030000001000,17440.966349999999000,14367.613050000000000,Lower,Lower but not significantly so,Lower but not significantly so,"15,655.20","17,441.00","14,367.60",Lower,Lower but not significantly so,Lower but not significantly so
5631,E01005791,Stockport 039B,Stockport 039B,16057.457829999999000,18138.235700000001000,14251.214459999999000,Lower,Lower but not significantly so,Lower,"16,057.50","18,138.20","14,251.20",Lower,Lower but not significantly so,Lower
5632,E01005792,Stockport 041A,Stockport 041A,8760.426811999999700,10466.601100000000000,7236.459809000000000,Lower,Lower,Lower,"8,760.40","10,466.60","7,236.50",Lower,Lower,Lower
5633,E01005793,Stockport 039C,Stockport 039C,12869.609490000001000,12608.882949999999000,13006.253010000000000,Lower,Lower,Lower,"12,869.60","12,608.90","13,006.30",Lower,Lower,Lower
5634,E01005794,Stockport 041B,Stockport 041B,9144.739793000000600,9510.575827000000600,8798.053552999999700,Lower,Lower,Lower,"9,144.70","9,510.60","8,798.10",Lower,Lower,Lower
5635,E01005795,Stockport 039D,Stockport 039D,10350.447670000000000,10141.599099999999000,10369.888820000000000,Lower,Lower,Lower,"10,350.40","10,141.60","10,369.90",Lower,Lower,Lower
5636,E01005796,Stockport 039E,Stockport 039E,8726.157413000000800,10190.522279999999000,7757.800131000000000,Lower,Lower,Lower,"8,726.20","10,190.50","7,757.80",Lower,Lower,Lower
5637,E01005797,Stockport 023C,Stockport 023C,23235.261360000000000,25355.194280000000000,21098.626120000001000,Higher,Higher,Higher,"23,235.30","25,355.20","21,098.60",Higher,Higher,Higher
5638,E01005798,Stockport 027A,Stockport 027A,19318.685689999998000,22491.821160000000000,16452.670490000000000,Higher but not significantly so,Higher,Higher but not significantly so,"19,318.70","22,491.80","16,452.70",Higher but not significantly so,Higher,Higher but not significantly so
5639,E01005799,Stockport 026D,Stockport 026D,33554.661860000000000,35718.330520000003000,32396.419000000002000,Higher,Higher,Higher,"33,554.70","35,718.30","32,396.40",Higher,Higher,Higher
5640,E01005800,Stockport 023D,Stockport 023D,15214.865260000000000,15901.343720000001000,14639.072990000001000,Lower,Lower,Lower but not significantly so,"15,214.90","15,901.30","14,639.10",Lower,Lower,Lower but not significantly so
5641,E01005801,Stockport 027B,Stockport 027B,20418.994579999999000,24987.931349999999000,16746.193299999999000,Higher,Higher,Higher but not significantly so,"20,419.00","24,987.90","16,746.20",Higher,Higher,Higher but not significantly so
5642,E01005802,Stockport 027C,Stockport 027C,13230.455230000000000,16296.073090000000000,10780.386580000000000,Lower,Lower,Lower,"13,230.50","16,296.10","10,780.40",Lower,Lower,Lower
5643,E01005803,Stockport 027D,Stockport 027D,9050.815431999999400,9529.141428999999300,8728.657720999999600,Lower,Lower,Lower,"9,050.80","9,529.10","8,728.70",Lower,Lower,Lower
5644,E01005804,Stockport 023E,Stockport 023E,22936.021680000002000,26686.677670000001000,20037.808420000001000,Higher,Higher,Higher,"22,936.00","26,686.70","20,037.80",Higher,Higher,Higher
5645,E01005805,Stockport 035A,Stockport 035A,8467.229101000000800,8365.627829999999400,8598.643806000000000,Lower,Lower,Lower,"8,467.20","8,365.60","8,598.60",Lower,Lower,Lower
5646,E01005806,Stockport 033A,Stockport 033A,14906.482550000001000,18655.460790000001000,11348.682730000000000,Lower,Lower but not significantly so,Lower,"14,906.50","18,655.50","11,348.70",Lower,Lower but not significantly so,Lower
5647,E01005807,Stockport 035B,Stockport 035B,11578.893520000000000,13839.946500000000000,9268.146828000000800,Lower,Lower,Lower,"11,578.90","13,839.90","9,268.10",Lower,Lower,Lower
5648,E01005808,Stockport 037A,Stockport 037A,10085.891369999999000,9993.603644000000700,10183.155510000001000,Lower,Lower,Lower,"10,085.90","9,993.60","10,183.20",Lower,Lower,Lower
5649,E01005809,Stockport 037B,Stockport 037B,9584.938906999999700,11585.353820000000000,7912.809107000000000,Lower,Lower,Lower,"9,584.90","11,585.40","7,912.80",Lower,Lower,Lower
5650,E01005810,Stockport 037C,Stockport 037C,13989.196610000001000,15906.335600000000000,12093.054690000001000,Lower,Lower,Lower,"13,989.20","15,906.30","12,093.10",Lower,Lower,Lower
5651,E01005811,Stockport 037D,Stockport 037D,11375.679459999999000,13288.536740000000000,9881.114214999999600,Lower,Lower,Lower,"11,375.70","13,288.50","9,881.10",Lower,Lower,Lower
5652,E01005812,Stockport 037E,Stockport 037E,8130.059575000000200,9071.961629999999800,7001.020169000000400,Lower,Lower,Lower,"8,130.10","9,072.00","7,001.00",Lower,Lower,Lower
5653,E01005813,Stockport 033B,Stockport 033B,11463.311449999999000,14001.493200000001000,9241.140937000000100,Lower,Lower,Lower,"11,463.30","14,001.50","9,241.10",Lower,Lower,Lower
5654,E01005814,Stockport 033C,Stockport 033C,10493.663300000000000,12449.508830000001000,8742.068204999999600,Lower,Lower,Lower,"10,493.70","12,449.50","8,742.10",Lower,Lower,Lower
5655,E01005815,Stockport 033D,Stockport 033D,10727.565370000000000,13035.457740000000000,8842.486993000000400,Lower,Lower,Lower,"10,727.60","13,035.50","8,842.50",Lower,Lower,Lower
5656,E01005816,Stockport 016B,Stockport 016B,25294.786280000000000,29711.726940000000000,22236.523890000000000,Higher,Higher,Higher,"25,294.80","29,711.70","22,236.50",Higher,Higher,Higher
5657,E01005817,Stockport 016C,Stockport 016C,26125.356029999999000,28620.300210000001000,24285.368330000001000,Higher,Higher,Higher,"26,125.40","28,620.30","24,285.40",Higher,Higher,Higher
5658,E01005818,Stockport 018B,Stockport 018B,23725.309050000000000,24402.475600000002000,23045.159169999999000,Higher,Higher,Higher,"23,725.30","24,402.50","23,045.20",Higher,Higher,Higher
5659,E01005819,Stockport 018C,Stockport 018C,14152.083280000001000,14654.587980000000000,13652.135759999999000,Lower,Lower,Lower,"14,152.10","14,654.60","13,652.10",Lower,Lower,Lower
5660,E01005820,Stockport 018D,Stockport 018D,20300.654820000000000,22748.029680000000000,18014.859209999999000,Higher,Higher,Higher but not significantly so,"20,300.70","22,748.00","18,014.90",Higher,Higher,Higher but not significantly so
5661,E01005821,Stockport 018E,Stockport 018E,21460.081760000001000,22401.838210000002000,20799.294940000000000,Higher,Higher,Higher,"21,460.10","22,401.80","20,799.30",Higher,Higher,Higher
5662,E01005822,Stockport 016D,Stockport 016D,35851.336259999996000,37410.278209999997000,34346.618979999999000,Higher,Higher,Higher,"35,851.30","37,410.30","34,346.60",Higher,Higher,Higher
5663,E01005823,Stockport 018F,Stockport 018F,26994.765650000001000,29681.272140000001000,24637.161660000002000,Higher,Higher,Higher,"26,994.80","29,681.30","24,637.20",Higher,Higher,Higher
5664,E01005824,Stockport 024A,Stockport 024A,20251.490300000001000,21631.454190000000000,18993.650539999999000,Higher,Higher but not significantly so,Higher,"20,251.50","21,631.50","18,993.70",Higher,Higher but not significantly so,Higher
5665,E01005825,Stockport 019A,Stockport 019A,17401.992370000000000,20327.634129999999000,14627.235049999999000,Lower but not significantly so,Higher but not significantly so,Lower but not significantly so,"17,402.00","20,327.60","14,627.20",Lower but not significantly so,Higher but not significantly so,Lower but not significantly so
5666,E01005826,Stockport 024B,Stockport 024B,33069.454449999997000,33426.303189999999000,32902.061970000002000,Higher,Higher,Higher,"33,069.50","33,426.30","32,902.10",Higher,Higher,Higher
5667,E01005827,Stockport 024C,Stockport 024C,17615.908179999999000,19869.954150000001000,15713.716070000000000,Lower but not significantly so,Higher but not significantly so,Lower but not significantly so,"17,615.90","19,870.00","15,713.70",Lower but not significantly so,Higher but not significantly so,Lower but not significantly so
5668,E01005828,Stockport 024D,Stockport 024D,38330.449630000003000,36797.259080000003000,39329.001020000003000,Higher,Higher,Higher,"38,330.40","36,797.30","39,329.00",Higher,Higher,Higher
5669,E01005829,Stockport 024E,Stockport 024E,26123.742090000000000,27726.868699999999000,24751.763470000002000,Higher,Higher,Higher,"26,123.70","27,726.90","24,751.80",Higher,Higher,Higher
5670,E01005830,Stockport 027E,Stockport 027E,17634.443940000001000,18994.847490000000000,16511.445019999999000,Lower but not significantly so,Lower but not significantly so,Higher but not significantly so,"17,634.40","18,994.80","16,511.40",Lower but not significantly so,Lower but not significantly so,Higher but not significantly so
5671,E01005831,Stockport 027F,Stockport 027F,18398.584970000000000,21426.277849999999000,15857.403220000000000,Higher but not significantly so,Higher but not significantly so,Lower but not significantly so,"18,398.60","21,426.30","15,857.40",Higher but not significantly so,Higher but not significantly so,Lower but not significantly so
5672,E01005832,Stockport 021A,Stockport 021A,16741.125319999999000,20532.117399999999000,13309.482140000000000,Lower but not significantly so,Higher but not significantly so,Lower,"16,741.10","20,532.10","13,309.50",Lower but not significantly so,Higher but not significantly so,Lower
5673,E01005833,Stockport 021B,Stockport 021B,14726.682629999999000,14630.294730000000000,14578.574100000000000,Lower,Lower,Lower but not significantly so,"14,726.70","14,630.30","14,578.60",Lower,Lower,Lower but not significantly so
5674,E01005834,Stockport 031A,Stockport 031A,26514.698929999999000,28282.915410000001000,24865.558310000000000,Higher,Higher,Higher,"26,514.70","28,282.90","24,865.60",Higher,Higher,Higher
5675,E01005835,Stockport 021C,Stockport 021C,12043.051949999999000,13887.609680000000000,10537.315940000000000,Lower,Lower,Lower,"12,043.10","13,887.60","10,537.30",Lower,Lower,Lower
5676,E01005836,Stockport 031B,Stockport 031B,16893.469770000000000,19780.821769999999000,14420.392680000001000,Lower but not significantly so,Lower but not significantly so,Lower but not significantly so,"16,893.50","19,780.80","14,420.40",Lower but not significantly so,Lower but not significantly so,Lower but not significantly so
5677,E01005837,Stockport 021D,Stockport 021D,14802.113450000001000,14163.617940000000000,15244.841109999999000,Lower,Lower,Lower but not significantly so,"14,802.10","14,163.60","15,244.80",Lower,Lower,Lower but not significantly so
5678,E01005838,Stockport 031C,Stockport 031C,20770.435450000001000,24415.351009999998000,17448.865870000001000,Higher,Higher,Higher but not significantly so,"20,770.40","24,415.40","17,448.90",Higher,Higher,Higher but not significantly so
5679,E01005839,Stockport 035C,Stockport 035C,12025.062070000000000,15740.601600000000000,8826.581507000000800,Lower,Lower,Lower,"12,025.10","15,740.60","8,826.60",Lower,Lower,Lower
5680,E01005840,Stockport 031D,Stockport 031D,22625.299530000000000,25157.553430000000000,20658.743650000000000,Higher,Higher,Higher,"22,625.30","25,157.60","20,658.70",Higher,Higher,Higher
5681,E01005841,Stockport 035D,Stockport 035D,14981.177009999999000,18380.871080000001000,11802.903329999999000,Lower,Lower but not significantly so,Lower,"14,981.20","18,380.90","11,802.90",Lower,Lower but not significantly so,Lower
5682,E01005842,Stockport 038A,Stockport 038A,12247.053089999999000,14996.645680000000000,9695.165317999999400,Lower,Lower,Lower,"12,247.10","14,996.60","9,695.20",Lower,Lower,Lower
5683,E01005843,Stockport 021E,Stockport 021E,13601.956179999999000,14722.049919999999000,12518.223969999999000,Lower,Lower,Lower,"13,602.00","14,722.00","12,518.20",Lower,Lower,Lower
5684,E01005844,Stockport 036A,Stockport 036A,9590.330244999999200,12545.881330000000000,7210.374149000000200,Lower,Lower,Lower,"9,590.30","12,545.90","7,210.40",Lower,Lower,Lower
5685,E01005845,Stockport 036B,Stockport 036B,13403.348840000001000,15835.995610000000000,11533.669739999999000,Lower,Lower,Lower,"13,403.30","15,836.00","11,533.70",Lower,Lower,Lower
5686,E01005846,Stockport 040A,Stockport 040A,14807.397810000000000,18979.225670000000000,11608.386440000000000,Lower,Lower but not significantly so,Lower,"14,807.40","18,979.20","11,608.40",Lower,Lower but not significantly so,Lower
5687,E01005847,Stockport 040B,Stockport 040B,17075.212940000001000,18345.652819999999000,16111.176900000000000,Lower but not significantly so,Lower but not significantly so,Lower but not significantly so,"17,075.20","18,345.70","16,111.20",Lower but not significantly so,Lower but not significantly so,Lower but not significantly so
5688,E01005848,Stockport 040C,Stockport 040C,8988.613171999999400,11916.415580000001000,6510.067715999999600,Lower,Lower,Lower,"8,988.60","11,916.40","6,510.10",Lower,Lower,Lower
5689,E01005849,Stockport 036C,Stockport 036C,10075.731900000001000,14150.645310000000000,6932.522694000000200,Lower,Lower,Lower,"10,075.70","14,150.60","6,932.50",Lower,Lower,Lower
5690,E01005850,Stockport 040D,Stockport 040D,19456.644079999998000,23141.423510000001000,16766.096460000001000,Higher but not significantly so,Higher,Higher but not significantly so,"19,456.60","23,141.40","16,766.10",Higher but not significantly so,Higher,Higher but not significantly so
5691,E01005851,Stockport 036D,Stockport 036D,12043.894500000000000,17752.528610000001000,7691.263332000000400,Lower,Lower but not significantly so,Lower,"12,043.90","17,752.50","7,691.30",Lower,Lower but not significantly so,Lower
5692,E01005852,Stockport 013A,Stockport 013A,11964.233870000000000,16020.772590000000000,8602.684853999999200,Lower,Lower,Lower,"11,964.20","16,020.80","8,602.70",Lower,Lower,Lower
5693,E01005853,Stockport 011A,Stockport 011A,23440.717590000000000,27956.476810000000000,19700.038010000000000,Higher,Higher,Higher,"23,440.70","27,956.50","19,700.00",Higher,Higher,Higher
5694,E01005854,Stockport 013B,Stockport 013B,11054.585639999999000,13479.007220000000000,9015.227022999999500,Lower,Lower,Lower,"11,054.60","13,479.00","9,015.20",Lower,Lower,Lower
5695,E01005855,Stockport 013C,Stockport 013C,10606.651449999999000,13352.057409999999000,8301.719161999999400,Lower,Lower,Lower,"10,606.70","13,352.10","8,301.70",Lower,Lower,Lower
5696,E01005856,Stockport 011B,Stockport 011B,17017.177100000001000,19778.310340000000000,14422.885270000001000,Lower but not significantly so,Lower but not significantly so,Lower but not significantly so,"17,017.20","19,778.30","14,422.90",Lower but not significantly so,Lower but not significantly so,Lower but not significantly so
5697,E01005857,Stockport 013D,Stockport 013D,9734.859678000000700,14149.302879999999000,6544.905452000000000,Lower,Lower,Lower,"9,734.90","14,149.30","6,544.90",Lower,Lower,Lower
5698,E01005858,Stockport 013E,Stockport 013E,12138.073839999999000,11597.380680000000000,12531.561589999999000,Lower,Lower,Lower,"12,138.10","11,597.40","12,531.60",Lower,Lower,Lower
5699,E01005859,Stockport 008A,Stockport 008A,13484.582100000000000,16290.236170000000000,10865.999070000000000,Lower,Lower,Lower,"13,484.60","16,290.20","10,866.00",Lower,Lower,Lower
5700,E01005860,Stockport 011C,Stockport 011C,11614.845610000000000,15279.361760000000000,8553.449017000000800,Lower,Lower,Lower,"11,614.80","15,279.40","8,553.40",Lower,Lower,Lower
5701,E01005861,Stockport 011D,Stockport 011D,15893.462260000000000,20125.255840000002000,12432.680220000000000,Lower,Higher but not significantly so,Lower,"15,893.50","20,125.30","12,432.70",Lower,Higher but not significantly so,Lower
5702,E01005862,Stockport 003A,Stockport 003A,11702.764429999999000,12480.761960000000000,11221.583259999999000,Lower,Lower,Lower,"11,702.80","12,480.80","11,221.60",Lower,Lower,Lower
5703,E01005863,Stockport 006A,Stockport 006A,13539.407420000000000,15739.281550000000000,11568.247939999999000,Lower,Lower,Lower,"13,539.40","15,739.30","11,568.20",Lower,Lower,Lower
5704,E01005864,Stockport 006B,Stockport 006B,12879.110740000000000,15502.293980000000000,10848.181740000000000,Lower,Lower,Lower,"12,879.10","15,502.30","10,848.20",Lower,Lower,Lower
5705,E01005865,Stockport 008B,Stockport 008B,8755.151665999999800,9252.180929000000100,8294.855271000000400,Lower,Lower,Lower,"8,755.20","9,252.20","8,294.90",Lower,Lower,Lower
5706,E01005866,Stockport 006C,Stockport 006C,17168.499179999999000,22146.484649999999000,11902.116040000001000,Lower but not significantly so,Higher,Lower,"17,168.50","22,146.50","11,902.10",Lower but not significantly so,Higher,Lower
5707,E01005867,Stockport 008C,Stockport 008C,10471.963510000000000,12526.430399999999000,8770.569219999999400,Lower,Lower,Lower,"10,472.00","12,526.40","8,770.60",Lower,Lower,Lower
5708,E01005868,Stockport 008D,Stockport 008D,11428.373799999999000,14279.415460000000000,8823.013630999999800,Lower,Lower,Lower,"11,428.40","14,279.40","8,823.00",Lower,Lower,Lower
5709,E01005869,Stockport 006D,Stockport 006D,13263.735430000001000,16510.930230000002000,10744.308670000000000,Lower,Lower,Lower,"13,263.70","16,510.90","10,744.30",Lower,Lower,Lower
5712,E01005872,Stockport 019B,Stockport 019B,24801.281279999999000,26549.895980000001000,23234.136020000002000,Higher,Higher,Higher,"24,801.30","26,549.90","23,234.10",Higher,Higher,Higher
5713,E01005873,Stockport 015C,Stockport 015C,16962.163639999999000,18657.707460000001000,15699.375790000000000,Lower but not significantly so,Lower but not significantly so,Lower but not significantly so,"16,962.20","18,657.70","15,699.40",Lower but not significantly so,Lower but not significantly so,Lower but not significantly so
5714,E01005874,Stockport 019C,Stockport 019C,28976.155180000002000,32478.689210000000000,25031.790870000001000,Higher,Higher,Higher,"28,976.20","32,478.70","25,031.80",Higher,Higher,Higher
5715,E01005875,Stockport 015D,Stockport 015D,16437.477849999999000,17541.902510000000000,15842.006069999999000,Lower but not significantly so,Lower but not significantly so,Lower but not significantly so,"16,437.50","17,541.90","15,842.00",Lower but not significantly so,Lower but not significantly so,Lower but not significantly so
5716,E01005876,Stockport 019D,Stockport 019D,19364.058639999999000,21298.560330000000000,17701.911530000001000,Higher but not significantly so,Higher but not significantly so,Higher but not significantly so,"19,364.10","21,298.60","17,701.90",Higher but not significantly so,Higher but not significantly so,Higher but not significantly so
5717,E01005877,Stockport 019E,Stockport 019E,21980.888559999999000,23834.856769999999000,20951.972140000002000,Higher,Higher,Higher,"21,980.90","23,834.90","20,952.00",Higher,Higher,Higher
5718,E01005878,Stockport 020A,Stockport 020A,26554.850480000001000,27997.020779999999000,25631.513900000002000,Higher,Higher,Higher,"26,554.90","27,997.00","25,631.50",Higher,Higher,Higher
5719,E01005879,Stockport 020B,Stockport 020B,20727.803440000000000,25333.978309999999000,16659.442009999999000,Higher,Higher,Higher but not significantly so,"20,727.80","25,334.00","16,659.40",Higher,Higher,Higher but not significantly so
5720,E01005880,Stockport 017A,Stockport 017A,12007.437000000000000,14449.521750000000000,9766.425993000000700,Lower,Lower,Lower,"12,007.40","14,449.50","9,766.40",Lower,Lower,Lower
5721,E01005881,Stockport 017B,Stockport 017B,7967.207574000000000,9698.932276999999900,6053.779252000000300,Lower,Lower,Lower,"7,967.20","9,698.90","6,053.80",Lower,Lower,Lower
5722,E01005882,Stockport 020C,Stockport 020C,9899.327687000000900,12315.190070000001000,7718.123787999999900,Lower,Lower,Lower,"9,899.30","12,315.20","7,718.10",Lower,Lower,Lower
5723,E01005883,Stockport 017C,Stockport 017C,9355.573397000000100,11021.128290000001000,7455.511121999999900,Lower,Lower,Lower,"9,355.60","11,021.10","7,455.50",Lower,Lower,Lower
5724,E01005884,Stockport 020D,Stockport 020D,8782.994485999999600,10767.742940000000000,6829.033956000000200,Lower,Lower,Lower,"8,783.00","10,767.70","6,829.00",Lower,Lower,Lower
5725,E01005885,Stockport 020E,Stockport 020E,16979.065719999999000,20501.347940000000000,13815.047860000001000,Lower but not significantly so,Higher but not significantly so,Lower,"16,979.10","20,501.30","13,815.00",Lower but not significantly so,Higher but not significantly so,Lower
5726,E01005886,Stockport 001A,Stockport 001A,26417.052599999999000,28561.175139999999000,25324.550289999999000,Higher,Higher,Higher,"26,417.10","28,561.20","25,324.60",Higher,Higher,Higher
5727,E01005887,Stockport 002A,Stockport 002A,29235.270530000002000,30687.735450000000000,28212.731189999999000,Higher,Higher,Higher,"29,235.30","30,687.70","28,212.70",Higher,Higher,Higher
5728,E01005888,Stockport 001B,Stockport 001B,24221.703200000000000,26201.715510000002000,22606.528279999999000,Higher,Higher,Higher,"24,221.70","26,201.70","22,606.50",Higher,Higher,Higher
5729,E01005889,Stockport 001C,Stockport 001C,22130.894079999998000,22859.606319999999000,21811.834459999998000,Higher,Higher,Higher,"22,130.90","22,859.60","21,811.80",Higher,Higher,Higher
5730,E01005890,Stockport 002B,Stockport 002B,28234.468580000001000,29088.268209999998000,28015.632470000000000,Higher,Higher,Higher,"28,234.50","29,088.30","28,015.60",Higher,Higher,Higher
5731,E01005891,Stockport 001D,Stockport 001D,14655.978610000000000,15061.689420000001000,14314.485420000001000,Lower,Lower,Lower but not significantly so,"14,656.00","15,061.70","14,314.50",Lower,Lower,Lower but not significantly so
5732,E01005892,Stockport 003B,Stockport 003B,24366.530699999999000,26131.157660000001000,22868.678090000001000,Higher,Higher,Higher,"24,366.50","26,131.20","22,868.70",Higher,Higher,Higher
5733,E01005893,Stockport 002C,Stockport 002C,23649.669559999998000,23400.466499999999000,23767.238410000002000,Higher,Higher,Higher,"23,649.70","23,400.50","23,767.20",Higher,Higher,Higher
5734,E01005894,Stockport 001E,Stockport 001E,20304.772939999999000,20716.286329999999000,19877.855500000001000,Higher,Higher but not significantly so,Higher,"20,304.80","20,716.30","19,877.90",Higher,Higher but not significantly so,Higher
5735,E01005895,Stockport 003C,Stockport 003C,20412.291890000000000,22372.910700000000000,18973.537310000000000,Higher,Higher but not significantly so,Higher,"20,412.30","22,372.90","18,973.50",Higher,Higher but not significantly so,Higher
5736,E01005896,Stockport 002D,Stockport 002D,24272.141130000000000,26810.601900000001000,22253.016120000000000,Higher,Higher,Higher,"24,272.10","26,810.60","22,253.00",Higher,Higher,Higher
5737,E01005897,Stockport 010A,Stockport 010A,21916.270300000000000,21686.521890000000000,22240.388550000000000,Higher,Higher but not significantly so,Higher,"21,916.30","21,686.50","22,240.40",Higher,Higher but not significantly so,Higher
5738,E01005898,Stockport 010B,Stockport 010B,18102.979790000001000,19645.275229999999000,16346.891130000000000,Higher but not significantly so,Lower but not significantly so,Higher but not significantly so,"18,103.00","19,645.30","16,346.90",Higher but not significantly so,Lower but not significantly so,Higher but not significantly so
5739,E01005899,Stockport 012B,Stockport 012B,15943.527669999999000,18007.287769999999000,14003.427840000000000,Lower,Lower but not significantly so,Lower,"15,943.50","18,007.30","14,003.40",Lower,Lower but not significantly so,Lower
5740,E01005900,Stockport 010C,Stockport 010C,19559.225160000002000,22084.438740000001000,17443.577290000001000,Higher,Higher but not significantly so,Higher but not significantly so,"19,559.20","22,084.40","17,443.60",Higher,Higher but not significantly so,Higher but not significantly so
5741,E01005901,Stockport 012C,Stockport 012C,14278.473800000000000,14965.348420000000000,13676.458240000000000,Lower,Lower,Lower,"14,278.50","14,965.30","13,676.50",Lower,Lower,Lower
5742,E01005902,Stockport 012D,Stockport 012D,26714.933430000001000,25683.035609999999000,27428.186430000002000,Higher,Higher,Higher,"26,714.90","25,683.00","27,428.20",Higher,Higher,Higher
5743,E01005903,Stockport 010D,Stockport 010D,9973.281970000000000,10522.728520000001000,9632.128785000000800,Lower,Lower,Lower,"9,973.30","10,522.70","9,632.10",Lower,Lower,Lower
5744,E01005904,Stockport 010E,Stockport 010E,11137.650659999999000,13585.633400000001000,9078.378178999999400,Lower,Lower,Lower,"11,137.70","13,585.60","9,078.40",Lower,Lower,Lower
5745,E01005905,Stockport 012E,Stockport 012E,32642.084709999999000,33530.527569999998000,31283.449390000002000,Higher,Higher,Higher,"32,642.10","33,530.50","31,283.40",Higher,Higher,Higher
5746,E01005906,Stockport 038B,Stockport 038B,11292.347500000000000,14387.894969999999000,8287.326704999999500,Lower,Lower,Lower,"11,292.30","14,387.90","8,287.30",Lower,Lower,Lower
5747,E01005907,Stockport 038C,Stockport 038C,11245.178330000001000,14476.337760000000000,8213.466363999999900,Lower,Lower,Lower,"11,245.20","14,476.30","8,213.50",Lower,Lower,Lower
5748,E01005908,Stockport 017D,Stockport 017D,7826.905426999999700,8343.516685000000500,6564.547781000000200,Lower,Lower,Lower,"7,826.90","8,343.50","6,564.50",Lower,Lower,Lower
5749,E01005909,Stockport 029A,Stockport 029A,12336.818300000001000,14881.737970000000000,9905.443094000000200,Lower,Lower,Lower,"12,336.80","14,881.70","9,905.40",Lower,Lower,Lower
5750,E01005910,Stockport 029B,Stockport 029B,23686.566190000001000,27353.014850000000000,20419.837110000000000,Higher,Higher,Higher,"23,686.60","27,353.00","20,419.80",Higher,Higher,Higher
5751,E01005911,Stockport 029C,Stockport 029C,15161.746220000001000,18357.203210000000000,12412.385740000000000,Lower,Lower but not significantly so,Lower,"15,161.70","18,357.20","12,412.40",Lower,Lower but not significantly so,Lower
5752,E01005912,Stockport 029D,Stockport 029D,14809.865480000000000,17354.164089999998000,12920.972760000001000,Lower,Lower but not significantly so,Lower,"14,809.90","17,354.20","12,921.00",Lower,Lower but not significantly so,Lower
5753,E01005913,Stockport 038D,Stockport 038D,13010.166560000000000,14389.892510000000000,11457.206399999999000,Lower,Lower,Lower,"13,010.20","14,389.90","11,457.20",Lower,Lower,Lower
5754,E01005914,Stockport 007A,Stockport 007A,23125.944790000001000,27350.739549999998000,19240.334900000002000,Higher,Higher,Higher,"23,125.90","27,350.70","19,240.30",Higher,Higher,Higher
5755,E01005915,Stockport 007B,Stockport 007B,28266.138579999999000,29328.862150000001000,27685.536660000002000,Higher,Higher,Higher,"28,266.10","29,328.90","27,685.50",Higher,Higher,Higher
5756,E01005916,Stockport 007C,Stockport 007C,24280.705790000000000,28744.491539999999000,20580.376130000001000,Higher,Higher,Higher,"24,280.70","28,744.50","20,580.40",Higher,Higher,Higher
5757,E01005917,Stockport 007D,Stockport 007D,29470.683260000002000,32185.963169999999000,27796.813620000001000,Higher,Higher,Higher,"29,470.70","32,186.00","27,796.80",Higher,Higher,Higher
5758,E01005918,Stockport 014D,Stockport 014D,44694.373039999999000,48392.008930000004000,40330.030460000002000,Higher,Higher,Higher,"44,694.40","48,392.00","40,330.00",Higher,Higher,Higher
5759,E01005919,Stockport 002E,Stockport 002E,32348.481489999998000,34061.165359999999000,31435.563559999999000,Higher,Higher,Higher,"32,348.50","34,061.20","31,435.60",Higher,Higher,Higher
5760,E01005920,Stockport 003D,Stockport 003D,13986.165410000000000,15098.934429999999000,13063.260389999999000,Lower,Lower,Lower,"13,986.20","15,098.90","13,063.30",Lower,Lower,Lower
5761,E01005921,Stockport 003E,Stockport 003E,23386.158680000000000,24757.936760000001000,22573.528500000000000,Higher,Higher,Higher,"23,386.20","24,757.90","22,573.50",Higher,Higher,Higher
5762,E01005922,Stockport 003F,Stockport 003F,17394.611980000001000,18854.750140000000000,16174.044070000000000,Lower but not significantly so,Lower but not significantly so,Lower but not significantly so,"17,394.60","18,854.80","16,174.00",Lower but not significantly so,Lower but not significantly so,Lower but not significantly so
5763,E01005923,Stockport 041C,Stockport 041C,9714.500060000000300,11176.835740000000000,8439.922509000000000,Lower,Lower,Lower,"9,714.50","11,176.80","8,439.90",Lower,Lower,Lower
5764,E01005924,Stockport 042A,Stockport 042A,8792.586932000000200,11242.376689999999000,6546.510328000000300,Lower,Lower,Lower,"8,792.60","11,242.40","6,546.50",Lower,Lower,Lower
5765,E01005925,Stockport 042B,Stockport 042B,10738.862910000000000,14162.672909999999000,7616.672830999999900,Lower,Lower,Lower,"10,738.90","14,162.70","7,616.70",Lower,Lower,Lower
5766,E01005926,Stockport 042C,Stockport 042C,11618.612680000000000,13246.971140000000000,10154.772059999999000,Lower,Lower,Lower,"11,618.60","13,247.00","10,154.80",Lower,Lower,Lower
5767,E01005927,Stockport 032A,Stockport 032A,11051.852080000001000,14606.077310000001000,7678.975075000000300,Lower,Lower,Lower,"11,051.90","14,606.10","7,679.00",Lower,Lower,Lower
5768,E01005928,Stockport 032B,Stockport 032B,22224.773910000000000,23856.684929999999000,21181.228700000000000,Higher,Higher,Higher,"22,224.80","23,856.70","21,181.20",Higher,Higher,Higher
5769,E01005929,Stockport 032C,Stockport 032C,10393.678110000001000,12727.039580000001000,8206.434993000000800,Lower,Lower,Lower,"10,393.70","12,727.00","8,206.40",Lower,Lower,Lower
5770,E01005930,Stockport 032D,Stockport 032D,8307.841893999999200,10001.409630000000000,7303.319860999999900,Lower,Lower,Lower,"8,307.80","10,001.40","7,303.30",Lower,Lower,Lower
5771,E01005931,Stockport 041D,Stockport 041D,9231.523221999999800,9848.121414999999600,8815.260962000000300,Lower,Lower,Lower,"9,231.50","9,848.10","8,815.30",Lower,Lower,Lower
5772,E01005932,Stockport 042D,Stockport 042D,9968.514586999999700,11956.527230000000000,8272.447512999999200,Lower,Lower,Lower,"9,968.50","11,956.50","8,272.40",Lower,Lower,Lower
